ticket_id,sprint,title,estimate_days,dependencies,priority,summary,acceptance
RL-S1-001,S1,"Socle TruffleLanguage et RelangContext",1.5,"",P0,"Creer language/context et cycle create-dispose.","Contexte cree/detruit proprement; pas d'etat global mutable non controle."
RL-S1-002,S1,"Parse minimal et RootNode executable",1.5,"RL-S1-001",P0,"Brancher parse vers CallTarget executable.","Programme constant execute; erreur parse positionnee."
RL-S1-003,S1,"Harness smoke et CLI run/check",1.0,"RL-S1-002",P1,"Mettre en place commandes dev et tests smoke.","run/check/test fonctionnels; smoke tests verts."
RL-S1-004,S1,"Doc architecture et CI baseline",1.0,"RL-S1-003",P1,"Documenter architecture et activer CI build+test.","CI PR active; doc architecture versionnee."
RL-S2-101,S2,"Modele de types primitifs",1.5,"RL-S1-004",P0,"Introduire RelangType et primitives v0.1.","Types reconnus; types inconnus rejetes."
RL-S2-102,S2,"Regles de typage des operateurs",1.5,"RL-S2-101",P0,"Implementer arithmetique/comparaison sans coercion implicite.","Aucune conversion implicite Int/Float; diagnostics clairs."
RL-S2-103,S2,"Optionnels T? et none",1.0,"RL-S2-101",P0,"Support type optionnel et valeur none.","none refuse sur type non optionnel; optionnels valides."
RL-S2-104,S2,"Runtime contract v1 et tests schema",1.0,"RL-S2-101",P0,"Publier schema runtime contract versionne.","Schema versionne present; tests de compatibilite passes."
RL-S3-201,S3,"Bindings et scopes lexicaux",1.5,"RL-S2-104",P0,"Mapper variables sur frames et scopes imbriques.","Shadowing correct; out-of-scope detecte compile-time."
RL-S3-202,S3,"If expression et match minimal",1.5,"RL-S3-201",P0,"Implementer if/match de base.","if non-bool rejete; match invalide rejete."
RL-S3-203,S3,"Boucles for/while et break/continue",1.0,"RL-S3-201",P1,"Ajouter boucles et controle de boucle.","break/continue hors boucle rejete; boucles imbriquees stables."
RL-S3-204,S3,"Conformance matrix et gate CI",1.0,"RL-S3-202",P0,"Initialiser matrice de conformite et check CI.","Matrice versionnee; CI bloque MUST non traces."
RL-S4-301,S4,"Fonctions top-level et appels inline",1.5,"RL-S3-204",P0,"Implementer fn et execution inline.","Fonctions executables; retours corrects."
RL-S4-302,S4,"Parametres nommes/default et hoisting",1.5,"RL-S4-301",P0,"Gerer appels nommes, defaults, appel avant declaration.","Cases invalides rejetees; hoisting couvre recursion simple."
RL-S4-303,S4,"Modules/imports/private et cycles",1.5,"RL-S4-301",P0,"Implementer resolution modules et visibilite.","Cycles detectes; private inaccessible hors module."
RL-S4-304,S4,"Interdiction capture scope et abstraction CallMode",1.0,"RL-S4-302",P0,"Enforcer fonctions self-contained et preparer spawn.","Capture scope toujours rejetee; appels inline inchanges."
RL-S5-401,S5,"Type awaitable *T et handle runtime",1.5,"RL-S4-304",P0,"Introduire type awaitable et identite stable.","await type-check conforme; handle expose id/status."
RL-S5-402,S5,"Checkpoints a suspension await",1.5,"RL-S5-401",P0,"Persister snapshot sur await non resolu.","Snapshot cree; schema v1 respecte."
RL-S5-403,S5,"Resume sans rejeu effets resolus",1.5,"RL-S5-402",P0,"Restaurer execution et reutiliser resolutions persistees.","Resume au bon PC; aucun rejeu effet resolu."
RL-S5-404,S5,"Golden crash/resume harness",1.0,"RL-S5-403",P0,"Comparer run nominal vs run resume.","Scenarios golden passes; CI bloque divergences."
RL-S6-501,S6,"Failure envelope et invariants",1.5,"RL-S5-404",P0,"Implementer modele Failure canonique.","Invariants valides; serialisation stable."
RL-S6-502,S6,"Coordination and/or awaitables",1.5,"RL-S6-501",P0,"Implementer fail-fast/first-success/AllFailed lexical.","AllFailed ordonne lexicalement; and propage echec attendu."
RL-S6-503,S6,"Timers et signals durables",1.5,"RL-S5-403",P0,"Implementer timer et receive en awaitables durables.","Timeout pattern et receive+resume passent."
RL-S6-504,S6,"Activer policy RFC snapshots",0.5,"RL-S6-501",P0,"Bloquer changements schema sans RFC.","Checklist/CI active; RFC referencee pour changements schema."
RL-S7-601,S7,"Spawn et abstraction scheduler",1.5,"RL-S6-503",P0,"Lancer execution enfant avec parentId.","Child execution creee; identites correctes."
RL-S7-602,S7,"Wrapping FunctionFailed sur boundary spawn",1.0,"RL-S7-601",P0,"Mapper echec enfant vers wrapper parent.","spawn wrappe; inline ne wrappe pas."
RL-S7-603,S7,"Gate codeVersion/stateVersion au resume",1.0,"RL-S7-601",P0,"Refuser resume incompatible explicitement.","Resume incompatible refuse avec message clair."
RL-S7-604,S7,"Tests distribues multi-niveaux",1.5,"RL-S7-602|RL-S7-603",P0,"Valider causalite parent-child-grandchild et resume.","Chain causale complete; pas de rejeu d'effets resolus."
RL-S8-701,S8,"Framework action family generique",1.5,"RL-S7-604",P0,"Definir ActionExecutor et registry families.","Nouvelle famille injectable sans modification coeur."
RL-S8-702,S8,"HTTP family core API",1.5,"RL-S8-701",P0,"Implementer methods/options/output modes HTTP.","Appels HTTP basics fonctionnels; output modes valides."
RL-S8-703,S8,"HTTP errors, idempotency, cancellation",1.5,"RL-S8-702",P0,"Mapper erreurs et features exploitation.","Non-2xx mappe; idempotency stable; cancellation observee."
RL-S8-704,S8,"Observabilite attempts et MAJ conformite",1.0,"RL-S8-703",P1,"Capturer attempts et mettre a jour matrix.","Attempts visibles; requirements HTTP tracees."
RL-S9-801,S9,"Pipeline generation commun proto/openapi",1.5,"RL-S8-704",P0,"Creer IR et generation stubs ReLang.","Generation reproductible; erreurs spec claires."
RL-S9-802,S9,"gRPC family et stubs generes",1.5,"RL-S9-801",P0,"Implementer unary/metadata/credentials.","gRPC success+error status passes."
RL-S9-803,S9,"OpenAPI family et stubs generes",1.5,"RL-S9-801",P0,"Implementer operationId->fn et mapping erreurs.","OpenAPI success+ApiError passes; spec invalide echoue proprement."
RL-S9-804,S9,"Integration build, cache hash, mode strict",1.0,"RL-S9-802|RL-S9-803",P1,"Brancher generation dans build CI.","Build deterministe; regeneration sur changement spec uniquement."
RL-S10-901,S10,"Shell family safe-first",1.5,"RL-S9-804",P0,"Implementer shell.run et shell.command.","Cas success/error/timeout/cancel couverts."
RL-S10-902,S10,"Container family run-to-completion",1.5,"RL-S10-901",P0,"Implementer container.run + options ressources.","Cas success/error/timeout/cancel couverts."
RL-S10-903,S10,"Instrumentation Truffle et observabilite",1.0,"RL-S10-902",P1,"Ajouter tags et correlation IDs.","Debug/instrumentation disponibles en runtime."
RL-S10-904,S10,"Hardening final et readiness report",1.5,"RL-S10-903",P0,"Executer endurance/chaos/conformance finale.","MUST v0.1 clotures; rapport go/no-go publie."
